Car_ID,Production_Date,Engine_Type,Production_Line,Cost,Defects
CAR0001,2021-01-01,Electric,Line 3,,0
CAR0002,2021-01-02,V6,Line 3,21946.76741326945,0
CAR0003,2021-01-03,Electric,Line 3,27617.46241803034,3
CAR0004,2021-01-04,Electric,Line 1,27406.281885158038,3
CAR0005,2021-01-05,V6,Line 3,40889.12818519365,4
CAR0006,2021-01-06,V6,Line 3,62052.1765465999,4
CAR0007,2021-01-07,Electric,Line 1,24442.607898601997,2
CAR0008,2021-01-08,V8,Line 3,49932.214551468256,3
CAR0009,2021-01-09,Electric,Line 1,28003.43042825855,0
CAR0010,2021-01-10,Electric,Line 2,49298.44867497959,4
CAR0011,2021-01-11,Electric,Line 3,,4
CAR0012,2021-01-12,Electric,Line 2,20991.52198701645,0
CAR0013,2021-01-13,V6,Line 1,30352.137440800492,4
CAR0014,2021-01-14,Electric,Line 3,39030.54034104091,2
CAR0015,2021-01-15,V8,Line 1,40421.163546643,3
CAR0016,2021-01-16,V6,Line 2,53892.05624927113,0
CAR0017,2021-01-17,V8,Line 1,33433.49493719275,3
CAR0018,2021-01-18,V8,Line 3,36586.79267213984,4
CAR0019,2021-01-19,V8,Line 3,37780.901716381806,4
CAR0020,2021-01-20,V8,Line 2,22425.599789981457,0
CAR0021,2021-01-21,V6,Line 1,,2
CAR0022,2021-01-22,V6,Line 3,27264.798148322778,1
CAR0023,2021-01-23,V8,Line 2,44094.19269139688,0
CAR0024,2021-01-24,V8,Line 3,34109.019033381155,1
CAR0025,2021-01-25,V6,Line 3,49502.694226845284,1
CAR0026,2021-01-26,V6,Line 1,47947.09991000489,2
CAR0027,2021-01-27,V6,Line 3,44492.95619658152,1
CAR0028,2021-01-28,Electric,Line 1,43950.35374953653,1
CAR0029,2021-01-29,Electric,Line 3,24521.526318962882,2
CAR0030,2021-01-30,Electric,Line 2,35245.96330222156,1
CAR0031,2021-01-31,V8,Line 3,,1
CAR0032,2021-02-01,Electric,Line 1,45750.764144411594,1
CAR0033,2021-02-02,V8,Line 1,29778.767156056543,0
CAR0034,2021-02-03,V8,Line 2,26607.23142696645,0
CAR0035,2021-02-04,Electric,Line 3,41334.48597314053,0
CAR0036,2021-02-05,V8,Line 3,66427.54707628718,2
CAR0037,2021-02-06,Electric,Line 2,30459.97961875188,4
CAR0038,2021-02-07,Electric,Line 3,22885.29653274262,1
CAR0039,2021-02-08,V6,Line 3,48215.69793468812,1
CAR0040,2021-02-09,Electric,Line 1,31927.16063262567,2
CAR0041,2021-02-10,V6,Line 3,,1
CAR0042,2021-02-11,Electric,Line 3,45131.30317721984,0
CAR0043,2021-02-12,Electric,Line 2,40270.70351117842,4
CAR0044,2021-02-13,V6,Line 2,42056.48357722316,3
CAR0045,2021-02-14,V6,Line 1,26272.14862213141,1
CAR0046,2021-02-15,Electric,Line 3,54365.15882224047,0
CAR0047,2021-02-16,V8,Line 3,40873.53198035246,3
CAR0048,2021-02-17,V6,Line 3,26856.50065391899,4
CAR0049,2021-02-18,V8,Line 1,25248.647812878087,3
CAR0050,2021-02-19,V8,Line 1,49465.05029988306,0
CAR0051,2021-02-20,V8,Line 2,,3
CAR0052,2021-02-21,V6,Line 1,27824.87524491227,2
CAR0053,2021-02-22,V8,Line 3,49887.610992737726,3
CAR0054,2021-02-23,V6,Line 3,48962.58053866381,1
CAR0055,2021-02-24,V8,Line 1,36748.803608212926,1
CAR0056,2021-02-25,Electric,Line 3,69718.63544352028,2
CAR0057,2021-02-26,Electric,Line 3,25661.21325024138,0
CAR0058,2021-02-27,V6,Line 1,28366.140577765458,1
CAR0059,2021-02-28,Electric,Line 1,41010.73489918314,4
CAR0060,2021-03-01,Electric,Line 3,45399.83426714918,1
CAR0061,2021-03-02,V8,Line 3,,1
CAR0062,2021-03-03,V6,Line 3,32135.2438136657,0
CAR0063,2021-03-04,V8,Line 2,46633.102962828794,3
CAR0064,2021-03-05,V8,Line 2,45527.853463025385,1
CAR0065,2021-03-06,V8,Line 2,48069.04982662843,2
CAR0066,2021-03-07,V8,Line 1,65340.32930012746,3
CAR0067,2021-03-08,V8,Line 2,40069.647641426855,4
CAR0068,2021-03-09,V8,Line 1,37420.59864309364,0
CAR0069,2021-03-10,V8,Line 1,31168.48299685229,4
CAR0070,2021-03-11,V6,Line 2,48204.00327373335,3
CAR0071,2021-03-12,Electric,Line 2,,3
CAR0072,2021-03-13,V8,Line 2,28517.62924212397,3
CAR0073,2021-03-14,V8,Line 3,29160.915810331804,4
CAR0074,2021-03-15,V8,Line 2,34568.4126075868,3
CAR0075,2021-03-16,V8,Line 3,33452.72428958742,4
CAR0076,2021-03-17,V8,Line 1,74750.58581748694,3
CAR0077,2021-03-18,V8,Line 3,25277.75758032036,2
CAR0078,2021-03-19,Electric,Line 2,20542.260908465625,3
CAR0079,2021-03-20,Electric,Line 1,34816.81145550304,4
CAR0080,2021-03-21,V8,Line 1,25364.681276639865,1
CAR0081,2021-03-22,Electric,Line 1,,3
CAR0082,2021-03-23,V6,Line 3,42325.11569169687,1
CAR0083,2021-03-24,V8,Line 2,41628.19772756388,2
CAR0084,2021-03-25,V6,Line 1,29241.823755571677,0
CAR0085,2021-03-26,V6,Line 1,36276.20691664698,2
CAR0086,2021-03-27,V8,Line 1,52896.6334577442,3
CAR0087,2021-03-28,Electric,Line 3,39089.97854557686,1
CAR0088,2021-03-29,V6,Line 3,27513.854558167524,1
CAR0089,2021-03-30,V8,Line 2,37696.12542681632,4
CAR0090,2021-03-31,V6,Line 3,49366.78574825027,1
CAR0091,2021-04-01,V6,Line 1,,4
CAR0092,2021-04-02,V6,Line 2,47182.96363155662,0
CAR0093,2021-04-03,V6,Line 1,33031.83096531286,3
CAR0094,2021-04-04,Electric,Line 1,30502.352230840268,4
CAR0095,2021-04-05,V6,Line 3,39353.100860916944,0
CAR0096,2021-04-06,V6,Line 2,60101.58268483948,1
CAR0097,2021-04-07,V6,Line 3,45925.02695215709,1
CAR0098,2021-04-08,Electric,Line 3,26905.558047246657,0
CAR0099,2021-04-09,V6,Line 2,34975.80139654257,1
CAR0100,2021-04-10,V6,Line 1,37160.12597627549,0
CAR0098,2021-04-08,Electric,Line 3,40358.33707086999,0
CAR0006,2021-01-06,V6,Line 3,41368.117697733265,4
CAR0056,2021-02-25,Electric,Line 3,46479.09029568019,2
CAR0038,2021-02-07,Electric,Line 3,22885.29653274262,1
CAR0071,2021-03-12,Electric,Line 2,,3
CAR0044,2021-02-13,V6,Line 2,63084.72536583474,3
CAR0045,2021-02-14,V6,Line 1,26272.14862213141,1
CAR0082,2021-03-23,V6,Line 3,42325.11569169687,1
CAR0014,2021-01-14,Electric,Line 3,39030.54034104091,2
CAR0015,2021-01-15,V8,Line 1,40421.163546643,3
